id,make,model
1,Kia,Sportage
2,Acura,RDX
3,Volvo,S60
4,Volkswagen,Type 2
5,Audi,Q5
6,Toyota,Matrix
7,Mitsubishi,Lancer
8,GMC,Yukon XL 2500
9,Mitsubishi,RVR
10,Toyota,Venza
11,Ford,Taurus
12,GMC,Sierra
13,Mercedes-Benz,C-Class
14,BMW,Z4
15,Cadillac,CTS
16,Volkswagen,Cabriolet
17,Jeep,Grand Cherokee
18,Infiniti,Q
19,Pontiac,Grand Am
20,Buick,Coachbuilder
21,Cadillac,Eldorado
22,Ford,Thunderbird
23,BMW,Z3
24,BMW,M3
25,Pontiac,Grand Prix
26,Lamborghini,Murci√©lago
27,Honda,Accord
28,Ferrari,612 Scaglietti
29,Mercury,Montego
30,Ford,E250
31,Honda,Pilot
32,Chevrolet,S10
33,Ford,Aerostar
34,GMC,Canyon
35,Chevrolet,Malibu
36,GMC,Yukon XL 1500
37,Ford,Mustang
38,Cadillac,Seville
39,Ford,Ranger
40,Buick,Park Avenue
41,Toyota,Sienna
42,Toyota,4Runner
43,Mazda,Mazda3
44,Mazda,Miata MX-5
45,Chevrolet,1500
46,Audi,A8
47,Dodge,Ram Van B250
48,Mazda,B-Series Plus
49,Kia,Sedona
50,Hyundai,Tiburon
51,Geo,Metro
52,Lincoln,Town Car
53,Volkswagen,Passat
54,Mercedes-Benz,C-Class
55,Ford,Mustang
56,Jaguar,X-Type
57,Pontiac,Grand Am
58,GMC,Envoy XL
59,Buick,LeSabre
60,Infiniti,FX
61,Toyota,Tercel
62,Honda,del Sol
63,Maybach,62
64,Dodge,Avenger
65,BMW,X5
66,Chevrolet,Sportvan G30
67,Pontiac,Solstice
68,GMC,Savana
69,Lincoln,Mark VIII
70,Ford,F150
71,Saturn,S-Series
72,Ford,GT500
73,Lexus,ES
74,Mitsubishi,Montero Sport
75,Isuzu,VehiCROSS
76,Buick,Rainier
77,Ford,F150
78,Toyota,Tundra
79,Chevrolet,Lumina
80,Nissan,Cube
81,Mitsubishi,Raider
82,Mercedes-Benz,GL-Class
83,Nissan,Pathfinder
84,Mitsubishi,Mirage
85,Suzuki,Grand Vitara
86,Nissan,Sentra
87,Ford,Focus
88,Saturn,Outlook
89,Mercedes-Benz,GL-Class
90,Volkswagen,Passat
91,Saab,9-3
92,Pontiac,Sunfire
93,Mercedes-Benz,SL-Class
94,Buick,Park Avenue
95,Mitsubishi,Eclipse
96,Chevrolet,3500
97,Volkswagen,Golf
98,Nissan,JUKE
99,Subaru,Tribeca
100,Chevrolet,Cavalier
101,Chevrolet,Tahoe
102,Nissan,Sentra
103,Honda,Prelude
104,Buick,LaCrosse
105,Mercedes-Benz,M-Class
106,Dodge,Ram 3500
107,Honda,Passport
108,Porsche,911
109,Ford,Festiva
110,Saab,900
111,Cadillac,DeVille
112,Pontiac,6000
113,Chevrolet,Camaro
114,Mazda,B-Series Plus
115,Eagle,Vision
116,Volkswagen,GTI
117,Toyota,Tacoma Xtra
118,Subaru,Impreza
119,Oldsmobile,Achieva
120,Lincoln,Continental
121,Acura,RL
122,Lincoln,Town Car
123,Acura,ZDX
124,Mercedes-Benz,CLS-Class
125,Daewoo,Nubira
126,Oldsmobile,98
127,Suzuki,Grand Vitara
128,Oldsmobile,Alero
129,Audi,A3
130,Saturn,Aura
131,Ford,F150
132,Toyota,Echo
133,Mercury,Milan
134,Maserati,430
135,Chevrolet,SSR
136,Mercedes-Benz,S-Class
137,Chevrolet,3500
138,Ferrari,458 Italia
139,Buick,Regal
140,Dodge,Ram 2500 Club
141,Mazda,Millenia
142,Lexus,IS
143,BMW,Z4
144,Hyundai,Elantra
145,Lexus,LS
146,Nissan,Armada
147,Chevrolet,Malibu
148,Dodge,Dakota Club
149,Chevrolet,Suburban 2500
150,Chrysler,Pacifica
151,Mazda,929
152,Cadillac,SRX
153,Nissan,Cube
154,Plymouth,Neon
155,Toyota,Supra
156,Mitsubishi,Montero Sport
157,Mazda,B-Series Plus
158,Subaru,XT
159,Honda,Accord
160,Toyota,Tacoma Xtra
161,Volvo,S80
162,Bentley,Arnage
163,Saturn,S-Series
164,Infiniti,G35
165,Toyota,Tundra
166,Mercedes-Benz,SLR McLaren
167,Acura,CL
168,Mitsubishi,Chariot
169,Lincoln,Navigator
170,BMW,M3
171,Kia,Sephia
172,Dodge,Grand Caravan
173,Cadillac,DeVille
174,Nissan,Altima
175,Mitsubishi,Eclipse
176,Cadillac,XLR
177,Ford,Aerostar
178,Ford,Mustang
179,Aston Martin,Vanquish S
180,Dodge,Intrepid
181,Volvo,C70
182,Acura,Legend
183,Hyundai,HED-5
184,Spyker,C8 Spyder
185,Nissan,300ZX
186,Nissan,Rogue
187,Mazda,Miata MX-5
188,Infiniti,QX
189,Mitsubishi,Pajero
190,Jeep,Wrangler
191,Geo,Metro
192,Lexus,IS
193,Dodge,Ram Van 1500
194,Pontiac,Grand Prix
195,Scion,xB
196,Volkswagen,Golf
197,GMC,Savana
198,GMC,Yukon XL 2500
199,Mercedes-Benz,G-Class
200,Aston Martin,V8 Vantage
201,Hyundai,Sonata
202,Mitsubishi,Pajero
203,Honda,Element
204,Isuzu,Space
205,Pontiac,Tempest
206,Volkswagen,Jetta
207,Volkswagen,Jetta
208,Oldsmobile,Silhouette
209,Lexus,LX
210,Suzuki,SX4
211,Ford,Thunderbird
212,Suzuki,Grand Vitara
213,Saab,900
214,Ford,Econoline E250
215,Chevrolet,2500
216,GMC,Rally Wagon G3500
217,Toyota,Camry
218,Nissan,Pathfinder
219,Toyota,4Runner
220,Ford,Explorer Sport Trac
221,Pontiac,GTO
222,Mercedes-Benz,G-Class
223,Chevrolet,Tahoe
224,Lamborghini,Gallardo
225,Mitsubishi,Galant
226,Mitsubishi,Starion
227,Chevrolet,Corvette
228,Pontiac,Vibe
229,Plymouth,Laser
230,Toyota,Matrix
231,Chevrolet,Camaro
232,Ford,F-Series
233,Oldsmobile,Cutlass
234,GMC,Yukon XL 1500
235,Eagle,Vision
236,Volvo,V50
237,Ford,F250
238,Ford,Explorer
239,Suzuki,Swift
240,BMW,M5
241,Mitsubishi,GTO
242,Lexus,GS
243,Mitsubishi,Mirage
244,Honda,Civic
245,Mercury,Mountaineer
246,Chevrolet,APV
247,Dodge,Grand Caravan
248,Volvo,V50
249,Buick,Rendezvous
250,Chevrolet,Cruze
251,Chrysler,300M
252,Nissan,Armada
253,Ford,Escape
254,Mercury,Cougar
255,Lamborghini,Gallardo
256,Pontiac,Sunbird
257,GMC,Sierra 3500
258,Mercedes-Benz,E-Class
259,Ford,Escape
260,Oldsmobile,Ciera
261,Ford,Expedition
262,Lexus,LS
263,Mitsubishi,Pajero
264,Ford,Mustang
265,GMC,3500 Club Coupe
266,Cadillac,CTS
267,Mercury,Mountaineer
268,Smart,Fortwo
269,Chrysler,Town & Country
270,Nissan,300ZX
271,Saab,9-3
272,Land Rover,Range Rover Sport
273,Audi,90
274,BMW,7 Series
275,Ford,LTD
276,GMC,Savana 1500
277,Porsche,928
278,Ford,Taurus
279,Ferrari,458 Italia
280,Mitsubishi,GTO
281,Volvo,V70
282,Infiniti,QX
283,Toyota,Solara
284,Honda,del Sol
285,Lincoln,Continental
286,Lincoln,Navigator
287,Dodge,Ram Wagon B150
288,Volvo,S90
289,Ford,Lightning
290,Hyundai,Tiburon
291,GMC,Sonoma Club Coupe
292,Saturn,Sky
293,Infiniti,I
294,Land Rover,Discovery
295,Dodge,Grand Caravan
296,Mitsubishi,Lancer
297,Mercedes-Benz,CLS-Class
298,Mercedes-Benz,CL-Class
299,Toyota,Tacoma Xtra
300,Ford,Crown Victoria
301,BMW,M3
302,Ford,F-Series
303,Dodge,Caravan
304,Jaguar,XJ Series
305,Subaru,Tribeca
306,BMW,X3
307,Ford,Tempo
308,Mazda,B-Series
309,Volvo,S40
310,Toyota,Avalon
311,Chevrolet,Suburban 1500
312,Mitsubishi,Pajero
313,Audi,R8
314,BMW,Z3
315,Nissan,Altima
316,Dodge,Ram 1500
317,Kia,Sportage
318,Scion,xB
319,Saturn,Relay
320,Chevrolet,Monte Carlo
321,BMW,M3
322,Bentley,Continental
323,Land Rover,Defender
324,Mercedes-Benz,GLK-Class
325,Chevrolet,Camaro
326,Isuzu,Ascender
327,Mitsubishi,RVR
328,Volvo,C70
329,Lexus,ES
330,Saab,900
331,Chevrolet,Tahoe
332,BMW,5 Series
333,Saturn,VUE
334,Infiniti,G37
335,GMC,Sierra 2500
336,Kia,Sedona
337,GMC,Envoy
338,Hyundai,Veracruz
339,Volkswagen,Passat
340,Ford,GT500
341,Audi,Cabriolet
342,Dodge,Grand Caravan
343,Chevrolet,S10 Blazer
344,Oldsmobile,Bravada
345,Nissan,Frontier
346,Ford,Taurus
347,Chrysler,PT Cruiser
348,Land Rover,Discovery
349,Ford,Flex
350,Lexus,GS
351,Audi,A5
352,Subaru,Tribeca
353,Pontiac,6000
354,Isuzu,Amigo
355,Nissan,Xterra
356,Jeep,Commander
357,GMC,Sierra 1500
358,Oldsmobile,Cutlass
359,Ford,F350
360,Mazda,626
361,Porsche,Boxster
362,Hyundai,Sonata
363,Lincoln,Aviator
364,Jeep,Grand Cherokee
365,Audi,Quattro
366,Subaru,Legacy
367,Suzuki,XL-7
368,Ford,Mustang
369,Audi,A6
370,Audi,Q5
371,Ford,Aerostar
372,GMC,Savana 2500
373,Suzuki,Daewoo Lacetti
374,Cadillac,CTS
375,Audi,S4
376,Suzuki,Aerio
377,Lincoln,Navigator
378,Cadillac,Fleetwood
379,Jaguar,XK Series
380,Chevrolet,Suburban 1500
381,Pontiac,Bonneville
382,Saab,9000
383,Mitsubishi,Outlander
384,Audi,S4
385,Mitsubishi,Galant
386,Mitsubishi,Montero
387,Saab,9000
388,GMC,3500 Club Coupe
389,GMC,Savana 1500
390,Nissan,Pathfinder
391,Mercury,Sable
392,Ford,Explorer
393,Mercedes-Benz,SL-Class
394,Lexus,SC
395,Lincoln,Continental
396,Honda,Odyssey
397,Dodge,Caliber
398,Pontiac,Trans Sport
399,BMW,5 Series
400,Hyundai,Tiburon
401,Ford,Escape
402,Chrysler,300
403,Hyundai,Accent
404,Ford,Crown Victoria
405,Chrysler,Pacifica
406,GMC,Envoy
407,Mitsubishi,Montero
408,Honda,Accord
409,Ford,Econoline E150
410,Ford,Club Wagon
411,Dodge,Colt
412,Lexus,RX
413,Mercedes-Benz,CL65 AMG
414,Isuzu,Rodeo Sport
415,Isuzu,Trooper
416,Mercury,Cougar
417,GMC,3500
418,Pontiac,Grand Am
419,Audi,Q7
420,Jaguar,XK Series
421,Mercury,Sable
422,Chevrolet,Silverado 2500
423,Volkswagen,Fox
424,Audi,200
425,MINI,Cooper Clubman
426,Mazda,RX-7
427,Hyundai,Accent
428,Mercedes-Benz,M-Class
429,Aston Martin,V8 Vantage
430,Chevrolet,Corsica
431,Ford,Windstar
432,Mercury,Capri
433,Suzuki,XL7
434,BMW,X5 M
435,Chevrolet,Blazer
436,Dodge,Colt
437,Mercedes-Benz,C-Class
438,Volkswagen,New Beetle
439,Porsche,911
440,Mercedes-Benz,CLK-Class
441,Mazda,626
442,Buick,Regal
443,Subaru,Outback
444,Ford,Falcon
445,Toyota,Corolla
446,Pontiac,G8
447,Buick,Skylark
448,GMC,Jimmy
449,Acura,TL
450,Kia,Rio
451,Oldsmobile,Cutlass
452,Ford,Mustang
453,Oldsmobile,Achieva
454,Toyota,Xtra
455,Chevrolet,Corvette
456,Cadillac,DeVille
457,GMC,Vandura G3500
458,Volkswagen,Corrado
459,Pontiac,GTO
460,GMC,Sierra 3500
461,Ford,Escape
462,Lexus,GS
463,Mitsubishi,Montero
464,Land Rover,Range Rover
465,Plymouth,Grand Voyager
466,Bentley,Azure
467,Porsche,Cayenne
468,Audi,riolet
469,GMC,Sierra Hybrid
470,Dodge,Daytona
471,Mercury,Grand Marquis
472,Dodge,Durango
473,Chrysler,Concorde
474,GMC,Suburban 2500
475,Land Rover,Range Rover
476,Jaguar,XK
477,Toyota,4Runner
478,BMW,X5
479,Suzuki,Forenza
480,Mercedes-Benz,S-Class
481,Chevrolet,Express 1500
482,Nissan,Pathfinder
483,Dodge,Durango
484,Toyota,Matrix
485,Mercedes-Benz,300CE
486,Pontiac,Firebird
487,Scion,tC
488,GMC,Sonoma
489,Ford,Festiva
490,Chevrolet,Avalanche 1500
491,Suzuki,Grand Vitara
492,Pontiac,Grand Prix
493,Volkswagen,GTI
494,Chevrolet,Silverado 1500
495,Maybach,62
496,Pontiac,Bonneville
497,Nissan,Cube
498,BMW,3 Series
499,Acura,RL
500,Porsche,944
501,Pontiac,Bonneville
502,Ford,E-Series
503,Suzuki,Esteem
504,Mercury,Topaz
505,Chevrolet,Cobalt SS
506,Ford,E-Series
507,Bentley,Continental
508,Jeep,Compass
509,Ford,Crown Victoria
510,Mercury,Mariner
511,Honda,Insight
512,Dodge,Dakota Club
513,Mitsubishi,Challenger
514,Chevrolet,2500
515,Saturn,S-Series
516,Infiniti,QX
517,Pontiac,Torrent
518,Dodge,Ram 1500
519,Buick,Coachbuilder
520,Pontiac,Vibe
521,Dodge,Ram 2500
522,Pontiac,6000
523,Dodge,Avenger
524,Audi,A8
525,Chevrolet,Uplander
526,GMC,Jimmy
527,Maserati,GranTurismo
528,Pontiac,6000
529,Toyota,Avalon
530,MINI,Cooper
531,Ford,Escort
532,Mazda,B-Series
533,Lexus,GS
534,Volkswagen,Jetta
535,Ferrari,430 Scuderia
536,MINI,MINI
537,Dodge,Avenger
538,Hyundai,Sonata
539,Jaguar,XJ Series
540,Ford,F150
541,Audi,S4
542,Dodge,Stealth
543,Ford,Fairlane
544,Hyundai,Veracruz
545,Chrysler,LeBaron
546,Volkswagen,Passat
547,Jeep,Cherokee
548,Honda,Civic GX
549,Mazda,CX-9
550,Cadillac,STS
551,Mercury,Marquis
552,Mitsubishi,Mirage
553,Acura,MDX
554,Plymouth,Prowler
555,Mercedes-Benz,SL-Class
556,Volkswagen,Touareg
557,Lexus,CT
558,Aston Martin,DBS
559,Dodge,D250 Club
560,Isuzu,Impulse
561,Toyota,4Runner
562,GMC,Suburban 2500
563,Ford,Tempo
564,Mazda,MPV
565,Mitsubishi,Starion
566,Chevrolet,Camaro
567,Ford,ZX2
568,Land Rover,Range Rover Evoque
569,GMC,Sonoma
570,Lexus,RX
571,Honda,Accord
572,BMW,1 Series
573,Ford,Transit Connect
574,Buick,Century
575,Subaru,Alcyone SVX
576,Land Rover,Defender
577,Ford,Escort
578,Dodge,Sprinter
579,Mercury,Cougar
580,Mazda,626
581,Subaru,Outback
582,Hyundai,Santa Fe
583,Honda,Civic
584,Isuzu,Trooper
585,Pontiac,Grand Prix
586,Volvo,C30
587,Geo,Tracker
588,Pontiac,Solstice
589,Lexus,IS
590,GMC,1500 Club Coupe
591,BMW,545
592,Subaru,Legacy
593,Pontiac,Vibe
594,Lincoln,Continental Mark VII
595,Lotus,Elise
596,Chevrolet,Tahoe
597,Mazda,Mazdaspeed 3
598,Isuzu,Rodeo
599,Cadillac,DTS
600,Volvo,XC60
601,Honda,Accord
602,Lincoln,Navigator
603,Mitsubishi,Mirage
604,Chevrolet,Suburban 2500
605,Chevrolet,S10
606,Toyota,Solara
607,Lexus,LS
608,Buick,Skyhawk
609,Pontiac,Montana
610,Mitsubishi,Starion
611,Porsche,Cayman
612,Isuzu,Ascender
613,Saturn,Aura
614,Chevrolet,Caprice Classic
615,Pontiac,GTO
616,Nissan,Versa
617,Porsche,911
618,GMC,Savana 2500
619,Scion,tC
620,Suzuki,Swift
621,Toyota,MR2
622,Volvo,XC70
623,GMC,Sonoma
624,Land Rover,Freelander
625,Volvo,V70
626,Saab,900
627,Dodge,Caliber
628,Isuzu,Oasis
629,Jeep,Wrangler
630,Chevrolet,Camaro
631,Toyota,MR2
632,Chrysler,Crossfire Roadster
633,Jeep,Wrangler
634,Dodge,Ram
635,Ford,Escape
636,Hyundai,Sonata
637,Chrysler,300
638,Ford,E150
639,Kia,Sportage
640,GMC,Yukon
641,Lexus,LX
642,Audi,S6
643,Hyundai,Genesis
644,Chevrolet,Express 3500
645,Mercedes-Benz,SL-Class
646,Pontiac,Bonneville
647,Jaguar,XJ Series
648,Dodge,Intrepid
649,Mercedes-Benz,S-Class
650,Honda,Civic Si
651,BMW,5 Series
652,Aston Martin,V8 Vantage S
653,Toyota,Supra
654,Ford,Explorer
655,Toyota,Previa
656,Toyota,Camry
657,Audi,riolet
658,Volvo,S70
659,Mercedes-Benz,C-Class
660,Toyota,Matrix
661,Volvo,850
662,Mercedes-Benz,R-Class
663,Maserati,Karif
664,Ford,Focus
665,Mitsubishi,Montero Sport
666,Alfa Romeo,164
667,GMC,Savana 3500
668,Chevrolet,1500
669,Chevrolet,Corvette
670,Ford,Explorer Sport Trac
671,Maserati,Spyder
672,Volvo,S40
673,Lexus,LS
674,Dodge,Dakota Club
675,Isuzu,Trooper
676,Buick,Reatta
677,Jeep,Liberty
678,Mazda,MX-3
679,Mercedes-Benz,300SE
680,Ford,Bronco II
681,Lexus,GX
682,Cadillac,Escalade
683,Mazda,Miata MX-5
684,Pontiac,Trans Sport
685,Nissan,Maxima
686,Mitsubishi,Truck
687,Cadillac,Allante
688,Ford,Edge
689,Audi,A3
690,Chevrolet,Tahoe
691,Mercury,Topaz
692,Chrysler,Sebring
693,Chevrolet,Corvette
694,Ford,F450
695,Dodge,Ram 1500 Club
696,Buick,Rendezvous
697,Nissan,Murano
698,Volvo,S80
699,GMC,Sierra 1500
700,Mercedes-Benz,S-Class
701,GMC,3500 Club Coupe
702,Mitsubishi,Mirage
703,Lamborghini,Gallardo
704,Subaru,Legacy
705,Mercury,Cougar
706,Porsche,911
707,Toyota,Solara
708,Chevrolet,Express 1500
709,Mitsubishi,Diamante
710,Ford,E-Series
711,Honda,Civic
712,Chevrolet,Suburban 1500
713,Chrysler,Fifth Ave
714,Isuzu,Trooper
715,Porsche,Boxster
716,Toyota,Land Cruiser
717,Volkswagen,Cabriolet
718,Chevrolet,Suburban
719,Mercedes-Benz,190E
720,Geo,Metro
721,GMC,3500 Club Coupe
722,GMC,Sierra Hybrid
723,Bentley,Continental GTC
724,Kia,Soul
725,Ford,Explorer
726,Mercedes-Benz,S-Class
727,Lexus,IS F
728,Kia,Sorento
729,Toyota,Prius Plug-in Hybrid
730,Pontiac,Grand Prix
731,Dodge,Caliber
732,Infiniti,FX
733,GMC,Yukon
734,BMW,7 Series
735,Subaru,Impreza
736,Mercury,Grand Marquis
737,Nissan,Xterra
738,Hummer,H3
739,Honda,Accord
740,Pontiac,Fiero
741,Dodge,Caravan
742,Mercury,Tracer
743,Dodge,Nitro
744,Saab,9-4X
745,Land Rover,Range Rover
746,Chevrolet,Suburban 1500
747,Mercedes-Benz,E-Class
748,Chevrolet,Corvette
749,Buick,Regal
750,Suzuki,Esteem
751,Land Rover,LR4
752,Chevrolet,Silverado 2500
753,GMC,1500 Club Coupe
754,Audi,S6
755,Chevrolet,Blazer
756,Ford,F150
757,Lincoln,Navigator
758,Lincoln,Aviator
759,Oldsmobile,Regency
760,Toyota,FJ Cruiser
761,GMC,Vandura 2500
762,Volkswagen,Jetta
763,Chrysler,Town & Country
764,Dodge,Stratus
765,Mitsubishi,Lancer Evolution
766,Lexus,SC
767,Saturn,VUE
768,Lincoln,Navigator L
769,Porsche,911
770,Chevrolet,Avalanche
771,Mercedes-Benz,600SL
772,Pontiac,Firebird
773,Mitsubishi,Mirage
774,Volkswagen,Touareg
775,Suzuki,Grand Vitara
776,Ford,F250
777,Mercedes-Benz,E-Class
778,GMC,Sierra 2500
779,Toyota,Yaris
780,Mazda,Mazda3
781,Mitsubishi,Pajero
782,Acura,RL
783,Toyota,Celica
784,Honda,Accord
785,Tesla,Roadster
786,Porsche,Boxster
787,Chevrolet,3500
788,Lincoln,Continental
789,Subaru,Legacy
790,Dodge,Ram Van 2500
791,Volkswagen,Jetta
792,Chevrolet,Monte Carlo
793,Ford,Freestyle
794,Toyota,TundraMax
795,Chevrolet,Silverado
796,Chevrolet,1500
797,Lexus,GS
798,Mazda,Miata MX-5
799,Jensen,Interceptor
800,Jeep,Commander
801,Ford,Mustang
802,Cadillac,CTS
803,Shelby,GT350
804,Cadillac,XLR
805,Suzuki,Swift
806,Chevrolet,Corvette
807,Honda,CR-V
808,Hyundai,Accent
809,Nissan,Maxima
810,Nissan,Pathfinder
811,Dodge,Ram 2500
812,Nissan,Maxima
813,Nissan,Maxima
814,Buick,Terraza
815,MINI,Clubman
816,Mitsubishi,Montero
817,Mercedes-Benz,GLK-Class
818,GMC,Sierra 3500
819,Ford,Econoline E250
820,Dodge,Intrepid
821,Lexus,SC
822,Chevrolet,Cavalier
823,Audi,R8
824,Oldsmobile,Cutlass Cruiser
825,Acura,NSX
826,Toyota,MR2
827,Mazda,B-Series
828,BMW,5 Series
829,Volvo,XC60
830,Pontiac,Firebird
831,Chevrolet,Suburban 2500
832,Chevrolet,Blazer
833,Jeep,Grand Cherokee
834,Chevrolet,Corvette
835,Lexus,IS
836,GMC,Yukon XL 2500
837,Aston Martin,Rapide
838,Mitsubishi,Outlander
839,Mercury,Mountaineer
840,Lincoln,Town Car
841,Nissan,240SX
842,Mercury,Tracer
843,Dodge,Ram 2500
844,Mercury,Grand Marquis
845,Hyundai,Genesis
846,Nissan,Sentra
847,GMC,3500
848,Eagle,Summit
849,Toyota,Camry
850,Chevrolet,Express 3500
851,Mazda,RX-8
852,Ford,Windstar
853,Nissan,Frontier
854,Mazda,Mazda6
855,GMC,1500
856,Mitsubishi,Sigma
857,Chevrolet,G-Series G10
858,Chevrolet,Beretta
859,Buick,Skylark
860,Chevrolet,Colorado
861,Nissan,Pathfinder
862,Audi,TT
863,Lincoln,Navigator
864,Mercury,Mountaineer
865,Volvo,XC90
866,Toyota,Matrix
867,Infiniti,QX
868,Porsche,911
869,Chevrolet,Camaro
870,Buick,Riviera
871,Pontiac,Grand Prix
872,Toyota,Avalon
873,Eagle,Talon
874,Ford,Fairlane
875,Chevrolet,Express 3500
876,Mercedes-Benz,SLK-Class
877,Suzuki,XL7
878,GMC,Envoy
879,BMW,M6
880,Jaguar,XJ Series
881,Chevrolet,G-Series 1500
882,Lexus,LS Hybrid
883,Ford,Mustang
884,Volvo,V70
885,Lincoln,MKX
886,Infiniti,G35
887,Audi,A6
888,Toyota,Prius c
889,Cadillac,SRX
890,MINI,MINI
891,Pontiac,Turbo Firefly
892,Isuzu,Space
893,Audi,S4
894,Dodge,Viper
895,Subaru,Impreza
896,Mercury,Mountaineer
897,Porsche,928
898,Acura,RSX
899,Hyundai,Azera
900,Aston Martin,V12 Vantage
901,Buick,LaCrosse
902,Volvo,C70
903,Chevrolet,Corvette
904,Mercedes-Benz,R-Class
905,Acura,RDX
906,Toyota,Land Cruiser
907,Volkswagen,Routan
908,Porsche,911
909,Honda,Accord
910,Volkswagen,Jetta
911,Nissan,300ZX
912,Volkswagen,Jetta
913,Infiniti,QX
914,Toyota,T100
915,Pontiac,Bonneville
916,GMC,Savana 1500
917,Pontiac,6000
918,Land Rover,Range Rover
919,Peugeot,207
920,Honda,Odyssey
921,Honda,Odyssey
922,GMC,Savana 3500
923,GMC,Acadia
924,Aston Martin,V8 Vantage
925,Bentley,Azure T
926,GMC,Savana 3500
927,Dodge,Ram 1500
928,Ford,Club Wagon
929,Nissan,200SX
930,Saab,9-3
931,Lexus,LX
932,Plymouth,Laser
933,Mercedes-Benz,SLK-Class
934,Volvo,C70
935,Jeep,Wrangler
936,Volkswagen,Golf III
937,Chevrolet,Blazer
938,Pontiac,Montana SV6
939,BMW,6 Series
940,Suzuki,Sidekick
941,Honda,Civic Si
942,Acura,TSX
943,GMC,1500 Club Coupe
944,Mercury,Marauder
945,Ford,Mustang
946,Subaru,Legacy
947,Nissan,Quest
948,Hyundai,Accent
949,Chevrolet,Impala
950,Ford,Mustang
951,Dodge,Ram 2500
952,Chevrolet,Blazer
953,Volvo,XC70
954,Jeep,Grand Cherokee
955,Mercedes-Benz,300SL
956,Audi,V8
957,Jeep,Grand Cherokee
958,Honda,Civic
959,Nissan,Pathfinder
960,Mazda,Miata MX-5
961,Chevrolet,Sportvan G10
962,Saturn,L-Series
963,GMC,Sierra 3500
964,Buick,Rainier
965,Saab,9000
966,GMC,1500
967,Infiniti,EX
968,Lexus,IS
969,Volvo,XC70
970,Ford,E350
971,Chevrolet,Suburban 1500
972,Ford,Th!nk
973,Subaru,Outback
974,Chevrolet,Aveo
975,Chevrolet,Blazer
976,Volvo,C30
977,Chevrolet,Malibu
978,Toyota,Supra
979,Oldsmobile,Achieva
980,Hyundai,Accent
981,Suzuki,Sidekick
982,Mercedes-Benz,SL-Class
983,Toyota,Supra
984,Toyota,Sienna
985,Chevrolet,Malibu
986,Kia,Spectra
987,Holden,VS Commodore
988,Chrysler,Crossfire
989,Chevrolet,Suburban 2500
990,Honda,Civic Si
991,GMC,Acadia
992,Jaguar,XJ
993,Toyota,Tacoma
994,Ford,Thunderbird
995,Kia,Mohave/Borrego
996,Dodge,Shadow
997,Ford,Econoline E150
998,Chevrolet,Silverado 3500
999,BMW,Z4
1000,Buick,Lucerne
